{
	"item_0_0" : [0, 0, 101, 102, 103, 0, 10, 0, 100, 0.0, 500.0],
	"item_ani_0_0" : [0, 902, 0, 0],
	"item_0_1" : [0, 1, 104, 105, 106, 0, 10, 0, 100, 0.0, 1000.0],
	"item_ani_0_1" : [0, 901, 0, 0],
	"item_1_0" : [1, 0, 201, 202, 203, 0, 10, 0, 100, 100.0, 0.0],
	"item_ani_1_0" : [1, 904, 0, 0],
	"item_1_1" : [1, 1, 204, 205, 206, 0, 10, 0, 100, 150.0, 20.0],
	"item_ani_1_1" : [1, 903, 0, 0],
	"item_2_0" : [2, 0, 301, 302, 303, 0, 10, 0, 100, 5, 0],
	"item_ani_2_0" : [2, 906, 0, 0],
	"item_2_1" : [2, 1, 304, 305, 306, 0, 10, 0, 100, 10, 0],
	"item_ani_2_1" : [2, 905, 0, 0],
	"item_3_0" : [3, 0, 401, 402, 403, 0, 10, 0, 100, 10, 1],
	"item_ani_3_0" : [3, 908, 0, 0],
	"item_3_1" : [3, 1, 404, 405, 406, 0, 10, 0, 100, 15, 1.2],
	"item_ani_3_1" : [3, 907, 0, 0],
	"item_4_0" : [4, 0, 501, 502, 503, 0, 10, 0, 100, 30, 0.3, 500],
	"item_ani_4_0" : [4, 910, 0, 0],
	"item_4_1" : [4, 1, 504, 505, 506, 0, 10, 0, 100, 30, 0.5, 500],
	"item_ani_4_1" : [4, 909, 0, 0],
	"item_5_0" : [5, 0, 601, 602, 603, 0, 10, 0, 100, 100, 1],
	"item_ani_5_0" : [5, 912, 0, 0],
	"item_5_1" : [5, 1, 604, 605, 606, 0, 10, 0, 100, 150, 2],
	"item_ani_5_1" : [5, 911, 0, 0],
	"item_6_0" : [6, 0, 701, 702, 703, 0, 10, 0, 100, 300, 700],
	"item_ani_6_0" : [6, 914, 0, 0],
	"item_6_1" : [6, 1, 704, 705, 706, 0, 10, 0, 100, 400, 800],
	"item_ani_6_1" : [6, 913, 0, 0]
}