{
   "animation_0" : [
      501,
      4,
      0.1000000014901161,
      "player_stand1.png",
      "player_stand2.png",
      "player_stand3.png",
      "player_stand4.png"
   ],
   "animation_1" : [
      502,
      8,
      0.1000000014901161,
      "player_walk1.png",
      "player_walk2.png",
      "player_walk3.png",
      "player_walk4.png",
      "player_walk5.png",
      "player_walk6.png",
      "player_walk7.png",
      "player_walk8.png"
   ],
   "animation_10" : [ 901, 1, 0.1000000014901161, "HEAD_DUALCORE_FRONT.png" ],
   "animation_11" : [ 902, 1, 0.1000000014901161, "HEAD_PENTIUM_FRONT.png" ],
   "animation_12" : [ 903, 1, 0.1000000014901161, "ENGINE_NUCLEAR_FRONT.png" ],
   "animation_13" : [ 904, 1, 0.1000000014901161, "ENGINE_STEAM_FRONT.png" ],
   "animation_14" : [ 905, 1, 0.1000000014901161, "ARMOR_COPPER_FRONT.png" ],
   "animation_15" : [ 906, 1, 0.1000000014901161, "ARMOR_PLASTIC_FRONT.png" ],
   "animation_16" : [ 907, 1, 1.0, "MELEE_HAMMER_FRONT.png" ],
   "animation_17" : [
      702,
      11,
      0.1000000014901161,
      "ELECTRIC_EFFECT_01.png",
      "ELECTRIC_EFFECT_02.png",
      "ELECTRIC_EFFECT_03.png",
      "ELECTRIC_EFFECT_04.png",
      "ELECTRIC_EFFECT_05.png",
      "ELECTRIC_EFFECT_06.png",
      "ELECTRIC_EFFECT_07.png",
      "ELECTRIC_EFFECT_08.png",
      "ELECTRIC_EFFECT_09.png",
      "ELECTRIC_EFFECT_10.png",
      "ELECTRIC_EFFECT_11.png"
   ],
   "animation_18" : [
      805,
      7,
      0.1700000017881393,
      "Monster_Demon_Idle01.png",
      "Monster_Demon_Idle02.png",
      "Monster_Demon_Idle03.png",
      "Monster_Demon_Idle04.png",
      "Monster_Demon_Idle05.png",
      "Monster_Demon_Idle06.png",
      "Monster_Demon_Idle07.png"
   ],
   "animation_19" : [
      806,
      6,
      0.2000000029802322,
      "Monster_Demon_Move01.png",
      "Monster_Demon_Move06.png",
      "Monster_Demon_Move05.png",
      "Monster_Demon_Move04.png",
      "Monster_Demon_Move03.png",
      "Monster_Demon_Move02.png"
   ],
   "animation_2" : [ 503, 1, 0.1000000014901161, "player_jump1.png" ],
   "animation_20" : [
      808,
      20,
      0.02999999932944775,
      "downArrow01.png",
      "downArrow02.png",
      "downArrow03.png",
      "downArrow04.png",
      "downArrow05.png",
      "downArrow06.png",
      "downArrow07.png",
      "downArrow08.png",
      "downArrow09.png",
      "downArrow10.png",
      "downArrow11.png",
      "downArrow12.png",
      "downArrow13.png",
      "downArrow14.png",
      "downArrow15.png",
      "downArrow16.png",
      "downArrow17.png",
      "downArrow18.png",
      "downArrow19.png",
      "downArrow20.png"
   ],
   "animation_21" : [
      807,
      6,
      0.05000000074505806,
      "Monster_Demon_Attack01.png",
      "Monster_Demon_Attack02.png",
      "Monster_Demon_Attack03.png",
      "Monster_Demon_Attack04.png",
      "Monster_Demon_Attack05.png",
      "Monster_Demon_Attack06.png"
   ],
   "animation_22" : [ 809, 0, 0.0 ],
   "animation_23" : [
      604,
      8,
      0.1000000014901161,
      "Missile_Thunder01.png",
      "Missile_Thunder02.png",
      "Missile_Thunder03.png",
      "Missile_Thunder04.png",
      "Missile_Thunder05.png",
      "Missile_Thunder06.png",
      "Missile_Thunder07.png",
      "Missile_Thunder08.png"
   ],
   "animation_24" : [ 908, 1, 1.0, "MELEE_ZEALOTBLADE_FRONT.png" ],
   "animation_25" : [ 909, 1, 1.0, "RANGE_60MMMORTAR_FRONT.png" ],
   "animation_26" : [ 910, 1, 1.0, "RANGE_STEAMGUN_FRONT.png" ],
   "animation_27" : [ 911, 1, 1.0, "STEAMCONTAINER_IMPROVEDMODEL_FRONT.png" ],
   "animation_28" : [ 912, 1, 1.0, "STEAMCONTAINER_MASSPRODUCTIONTYPE_FRONT.png" ],
   "animation_29" : [ 913, 1, 1.0, "LEG_BOLT_FRONT.png" ],
   "animation_3" : [
      601,
      11,
      0.03500000014901161,
      "Missile_Player_Melee01.png",
      "Missile_Player_Melee02.png",
      "Missile_Player_Melee03.png",
      "Missile_Player_Melee04.png",
      "Missile_Player_Melee05.png",
      "Missile_Player_Melee06.png",
      "Missile_Player_Melee07.png",
      "Missile_Player_Melee08.png",
      "Missile_Player_Melee09.png",
      "Missile_Player_Melee10.png",
      "Missile_Player_Melee11.png"
   ],
   "animation_30" : [ 914, 1, 1.0, "LEG_LEWIS_FRONT.png" ],
   "animation_31" : [ 915, 0, 0.0 ],
   "animation_32" : [
      605,
      4,
      0.07000000029802322,
      "bindMissile01.png",
      "bindMissile02.png",
      "bindMissile03.png",
      "bindMissile04.png"
   ],
   "animation_33" : [
      606,
      14,
      0.05999999865889549,
      "grenadeExplosion01.png",
      "grenadeExplosion02.png",
      "grenadeExplosion03.png",
      "grenadeExplosion04.png",
      "grenadeExplosion05.png",
      "grenadeExplosion06.png",
      "grenadeExplosion07.png",
      "grenadeExplosion08.png",
      "grenadeExplosion09.png",
      "grenadeExplosion10.png",
      "grenadeExplosion11.png",
      "grenadeExplosion12.png",
      "grenadeExplosion13.png",
      "grenadeExplosion14.png"
   ],
   "animation_4" : [
      602,
      6,
      0.03999999910593033,
      "MissilePlayerLinear01.png",
      "MissilePlayerLinear02.png",
      "MissilePlayerLinear03.png",
      "MissilePlayerLinear04.png",
      "MissilePlayerLinear05.png",
      "MissilePlayerLinear06.png"
   ],
   "animation_5" : [
      801,
      4,
      0.2000000029802322,
      "MonsterStandShoot01.png",
      "MonsterStandShoot02.png",
      "MonsterStandShoot03.png",
      "MonsterStandShoot04.png"
   ],
   "animation_6" : [
      802,
      5,
      0.2000000029802322,
      "MonsterStandShoot01.png",
      "MonsterStandShoot02.png",
      "MonsterStandShoot03.png",
      "MonsterStandShoot04.png",
      "MonsterStandShoot05.png"
   ],
   "animation_7" : [
      603,
      8,
      0.1199999973177910,
      "MissileAiming1.png",
      "MissileAiming2.png",
      "MissileAiming3.png",
      "MissileAiming4.png",
      "MissileAiming5.png",
      "MissileAiming6.png",
      "MissileAiming7.png",
      "MissileAiming8.png"
   ],
   "animation_8" : [
      803,
      4,
      0.1199999973177910,
      "MonsterRush_IDLE_01.png",
      "MonsterRush_IDLE_02.png",
      "MonsterRush_IDLE_03.png",
      "MonsterRush_IDLE_04.png"
   ],
   "animation_9" : [
      804,
      3,
      0.1199999973177910,
      "MonsterRush_MOVE_01.png",
      "MonsterRush_MOVE_02.png",
      "MonsterRush_MOVE_03.png"
   ],
   "cache_0" : "Graphic/noExist.plist",
   "cache_1" : "Graphic/missile.plist",
   "cache_2" : "Graphic/trap.plist",
   "cache_3" : "Graphic/Monster.plist",
   "sprite_0" : [ 1, "block.png" ],
   "sprite_1" : [ 0, "NO_IMAGE.png" ],
   "sprite_10" : [ 5004, "STEAM_MONKEY_03.png" ],
   "sprite_100" : [ 3151, "BLOCK_4TH_01.png" ],
   "sprite_101" : [ 3152, "BLOCK_4TH_02.png" ],
   "sprite_102" : [ 3153, "BLOCK_4TH_03.png" ],
   "sprite_103" : [ 3154, "BLOCK_4TH_04.png" ],
   "sprite_104" : [ 3155, "BLOCK_4TH_05.png" ],
   "sprite_105" : [ 3156, "BLOCK_4TH_06.png" ],
   "sprite_106" : [ 3157, "BLOCK_4TH_07.png" ],
   "sprite_107" : [ 3158, "BLOCK_4TH_08.png" ],
   "sprite_108" : [ 3159, "BLOCK_4TH_09.png" ],
   "sprite_109" : [ 3160, "BLOCK_4TH_10.png" ],
   "sprite_11" : [ 5005, "STEAM_MONKEY_04.png" ],
   "sprite_110" : [ 3161, "BLOCK_4TH_11.png" ],
   "sprite_111" : [ 3162, "BLOCK_4TH_12.png" ],
   "sprite_112" : [ 3163, "BLOCK_4TH_13.png" ],
   "sprite_113" : [ 3164, "BLOCK_4TH_14.png" ],
   "sprite_114" : [ 3165, "BLOCK_4TH_15.png" ],
   "sprite_115" : [ -1, "" ],
   "sprite_116" : [ 100, "" ],
   "sprite_117" : [ 101, "HEAD_PENTIUM_FRONT.png" ],
   "sprite_118" : [ 102, "" ],
   "sprite_119" : [ 103, "HEAD_PENTIUM_ICON.png" ],
   "sprite_12" : [ 0, "NO_IMAGE.png" ],
   "sprite_120" : [ 104, "HEAD_DUALCORE_FRONT.png" ],
   "sprite_121" : [ 105, "" ],
   "sprite_122" : [ 106, "HEAD_DUALCORE_ICON.png" ],
   "sprite_123" : [ 200, "" ],
   "sprite_124" : [ 201, "ENGINE_STEAM_FRONT.png" ],
   "sprite_125" : [ 202, "" ],
   "sprite_126" : [ 203, "ENGINE_STEAM_ICON.png" ],
   "sprite_127" : [ 204, "ENGINE_NUCLEAR_FRONT.png" ],
   "sprite_128" : [ 205, "" ],
   "sprite_129" : [ 206, "ENGINE_NUCLEAR_ICON.png" ],
   "sprite_13" : [ 5006, "STEAM_MONKEY_05.png" ],
   "sprite_130" : [ 300, "" ],
   "sprite_131" : [ 301, "ARMOR_PLASTIC_FRONT.png" ],
   "sprite_132" : [ 302, "" ],
   "sprite_133" : [ 303, "ARMOR_PLASTIC_ICON.png" ],
   "sprite_134" : [ 304, "ARMOR_COPPER_FRONT.png" ],
   "sprite_135" : [ 305, "" ],
   "sprite_136" : [ 306, "ARMOR_COPPER_ICON.png" ],
   "sprite_137" : [ 400, "" ],
   "sprite_138" : [ 401, "MELEE_HAMMER_FRONT.png" ],
   "sprite_139" : [ 402, "" ],
   "sprite_14" : [ 5007, "STEAM_EAGLE_00.png" ],
   "sprite_140" : [ 403, "MELEE_HAMMER_ICON.png" ],
   "sprite_141" : [ 404, "MELEE_ZEALOTBLADE_FRONT.png" ],
   "sprite_142" : [ 405, "" ],
   "sprite_143" : [ 406, "MELEE_ZEALOTBLADE_ICON.png" ],
   "sprite_144" : [ 500, "" ],
   "sprite_145" : [ 501, "RANGE_STEAMGUN_FRONT.png" ],
   "sprite_146" : [ 502, "" ],
   "sprite_147" : [ 503, "RANGE_STEAMGUN_ICON.png" ],
   "sprite_148" : [ 504, "RANGE_60MMMORTAR_FRONT.png" ],
   "sprite_149" : [ 505, "" ],
   "sprite_15" : [ 5008, "STEAM_EAGLE_01.png" ],
   "sprite_150" : [ 506, "RANGE_60MMMORTAR_ICON.png" ],
   "sprite_151" : [ 600, "" ],
   "sprite_152" : [ 601, "STEAMCONTAINER_MASSPRODUCTIONTYPE_FRONT.png" ],
   "sprite_153" : [ 602, "" ],
   "sprite_154" : [ 603, "STEAMCONTAINER_MASSPRODUCTIONTYPE_ICON.png" ],
   "sprite_155" : [ 604, "STEAMCONTAINER_IMPROVEDMODEL_FRONT.png" ],
   "sprite_156" : [ 605, "" ],
   "sprite_157" : [ 606, "STEAMCONTAINER_IMPROVEDMODEL_ICON.png" ],
   "sprite_158" : [ 700, "" ],
   "sprite_159" : [ 701, "LEG_LEWIS_FRONT.png" ],
   "sprite_16" : [ 5009, "STEAM_EAGLE_02.png" ],
   "sprite_160" : [ 702, "" ],
   "sprite_161" : [ 703, "LEG_LEWIS_ICON.png" ],
   "sprite_162" : [ 704, "LEG_BOLT_FRONT.png" ],
   "sprite_163" : [ 705, "" ],
   "sprite_164" : [ 706, "LEG_BOLT_ICON.png" ],
   "sprite_165" : [ 16, "Bar_Container.png" ],
   "sprite_166" : [ 17, "Bar.png" ],
   "sprite_167" : [ 1015, "ASSEMBLY_BUTTON_UPGRADE_DEFAULT.png" ],
   "sprite_168" : [ 1016, "ASSEMBLY_BUTTON_UPGRADE_SELECT.png" ],
   "sprite_169" : [ 99, "FRONT_NONE.png" ],
   "sprite_17" : [ 5010, "STEAM_EAGLE_03.png" ],
   "sprite_170" : [ 18, "grenade.png" ],
   "sprite_171" : [ 1100, "" ],
   "sprite_172" : [ 1101, "SKILL_BEAR_SUPER_ARMOR.png" ],
   "sprite_173" : [ 1102, "SKILL_BEAR_ZONYA.png" ],
   "sprite_174" : [ 1126, "SKILL_MONKEY_BIND.png" ],
   "sprite_175" : [ 1127, "SKILL_MONKEY_GRENADE.png" ],
   "sprite_176" : [ 1151, "SKILL_EAGLE_FLYING_ATTACK.png" ],
   "sprite_177" : [ 1152, "SKILL_EAGLE_MISSILE_RADIATION.png" ],
   "sprite_178" : [ 1176, "SKILL_COMMON_DOUBLE_JUMP.png" ],
   "sprite_179" : [ 1177, "SKILL_COMMON_DASH.png" ],
   "sprite_18" : [ 5011, "STEAM_EAGLE_04.png" ],
   "sprite_19" : [ 5012, "STEAM_EAGLE_05.png" ],
   "sprite_2" : [ 3, "Floor.png" ],
   "sprite_20" : [ 5013, "STEAM_BEAR_00.png" ],
   "sprite_21" : [ 5014, "STEAM_BEAR_01.png" ],
   "sprite_22" : [ 5015, "STEAM_BEAR_02.png" ],
   "sprite_23" : [ 5016, "STEAM_BEAR_03.png" ],
   "sprite_24" : [ 5017, "STEAM_BEAR_04.png" ],
   "sprite_25" : [ 5018, "STEAM_BEAR_05.png" ],
   "sprite_26" : [ 5019, "MASK_HALF.png" ],
   "sprite_27" : [ 5020, "MASK_PART.png" ],
   "sprite_28" : [ 5050, "" ],
   "sprite_29" : [ 5051, "GEAR_FIXED_00.png" ],
   "sprite_3" : [ 3, "" ],
   "sprite_30" : [ 5052, "GEAR_FIXED_01.png" ],
   "sprite_31" : [ 5052, "GEAR_FIXED_01.png" ],
   "sprite_32" : [ 5053, "GEAR_ROTATE_00.png" ],
   "sprite_33" : [ 5054, "GEAR_ROTATE_01.png" ],
   "sprite_34" : [ 5055, "GEAR_ROTATE_02.png" ],
   "sprite_35" : [ 5056, "GEAR_ICON_BEAR_ON.png" ],
   "sprite_36" : [ 5057, "GEAR_ICON_EAGLE_ON.png" ],
   "sprite_37" : [ 5058, "GEAR_ICON_MONKEY_ON.png" ],
   "sprite_38" : [ 5059, "GEAR_ICON_BEAR_OFF.png" ],
   "sprite_39" : [ 5050, "" ],
   "sprite_4" : [ 2, "moving_block.png" ],
   "sprite_40" : [ 10001, "block.png" ],
   "sprite_41" : [ 10002, "floor.png" ],
   "sprite_42" : [ 10003, "portal.png" ],
   "sprite_43" : [ 10004, "moving_block.png" ],
   "sprite_44" : [ 10005, "FloorRandom.png" ],
   "sprite_45" : [ 5101, "MAPWIN_FRAME.png" ],
   "sprite_46" : [ 5102, "WINDOW_TRIGGER.png" ],
   "sprite_47" : [ 5201, "CHARWIN_FRAME.png" ],
   "sprite_48" : [ 5201, "CHARWIN_FRAME.png" ],
   "sprite_49" : [ 5202, "WINDOW_TRIGGER.png" ],
   "sprite_5" : [ 6, "Tile_Trap01.png" ],
   "sprite_50" : [ 5151, "MINIMAP_ROTATE_00.png" ],
   "sprite_51" : [ 5152, "MINIMAP_ROTATE_01.png" ],
   "sprite_52" : [ 5153, "MINIMAP_ROTATE_02.png" ],
   "sprite_53" : [ 5154, "MINIMAP_MASK.png" ],
   "sprite_54" : [ 10007, "MaptoolMob.png" ],
   "sprite_55" : [ 5060, "GEAR_ICON_EAGLE_OFF.png" ],
   "sprite_56" : [ 5061, "GEAR_ICON_MONKEY_OFF.png" ],
   "sprite_57" : [ 5251, "HP_BAR.png" ],
   "sprite_58" : [ 5252, "MASK_HALF.png" ],
   "sprite_59" : [ 5301, "GAMEMENU_BACKGROUND.png" ],
   "sprite_6" : [ 5001, "STEAM_MONKEY_00.png" ],
   "sprite_60" : [ 5302, "GAMEMENU_FRAME.png" ],
   "sprite_61" : [ 5303, "GAMEMENU_BUTTON_DEFAULT.png" ],
   "sprite_62" : [ 5304, "GAMEMENU_BUTTON_SELECT.png" ],
   "sprite_63" : [ 1001, "ASSEMBLY_BACKGROUND.png" ],
   "sprite_64" : [ 1002, "ASSEMBLY_FRAME.png" ],
   "sprite_65" : [ 1003, "ASSEMBLY_ARROW.png" ],
   "sprite_66" : [ 1004, "ASSEMBLY_POWER_DEFAULT.png" ],
   "sprite_67" : [ 0, "NO_IMAGE.png" ],
   "sprite_68" : [ 1005, "ASSEMBLY_POWER_OVER.png" ],
   "sprite_69" : [ 1006, "ASSEMBLY_SCAN_BAR.png" ],
   "sprite_7" : [ 5002, "STEAM_MONKEY_01.png" ],
   "sprite_70" : [ 1007, "ICON_FRAME_DEFAULT.png" ],
   "sprite_71" : [ 1008, "ICON_FRAME_SELECT.png" ],
   "sprite_72" : [ 1009, "ICON_DEFAULT.png" ],
   "sprite_73" : [ 1010, "ICON_FRAME_CLICKED.png" ],
   "sprite_74" : [ 1011, "ICON_LOCK.png" ],
   "sprite_75" : [ 1012, "ASSEMBLY_BUTTON_DEFAULT.png" ],
   "sprite_76" : [ 1013, "ASSEMBLY_BUTTON_SELECT.png" ],
   "sprite_77" : [ 1014, "LABEL_FRAME.png" ],
   "sprite_78" : [ 11000, "" ],
   "sprite_79" : [ 11001, "TORSO.png" ],
   "sprite_8" : [ 5002, "STEAM_MONKEY_01.png" ],
   "sprite_80" : [ 11002, "HEAD.png" ],
   "sprite_81" : [ 11003, "ARM_LEFT.png" ],
   "sprite_82" : [ 11004, "ARM_RIGHT.png" ],
   "sprite_83" : [ 11005, "LEG_LEFT.png" ],
   "sprite_84" : [ 11006, "LEG_RIGHT.png" ],
   "sprite_85" : [ 11007, "" ],
   "sprite_86" : [ 7, "PLAYER_ATTACK.png" ],
   "sprite_87" : [ 8, "CORPSE.png" ],
   "sprite_88" : [ 9, "StatusArrow.png" ],
   "sprite_89" : [ 11101, "LaserCannon_LowerCannon_Unleaase.png" ],
   "sprite_9" : [ 5003, "STEAM_MONKEY_02.png" ],
   "sprite_90" : [ 11102, "LaserCannon_UpperCannon_Unleaase.png" ],
   "sprite_91" : [ 11103, "LaserCannon_Laser.png" ],
   "sprite_92" : [ 10, "ELECTRIC_TRAP.png" ],
   "sprite_93" : [ 0, "NO_IMAGE.png" ],
   "sprite_94" : [ 11, "COMPUTER_NONEMPTY_01.png" ],
   "sprite_95" : [ 12, "COMPUTER_NONEMPTY_02.png" ],
   "sprite_96" : [ 13, "COMPUTER_NONEMPTY_03.png" ],
   "sprite_97" : [ 14, "COMPUTER_EMPTY.png" ],
   "sprite_98" : [ 15, "PRESS_MESSAGE.png" ],
   "sprite_99" : [ 3150, "BLOCK_4TH_00.png" ]
}
