{
   "animation_0" : [
      501,
      4,
      0.1000000014901161,
      "player_stand1.png",
      "player_stand2.png",
      "player_stand3.png",
      "player_stand4.png"
   ],
   "animation_1" : [
      502,
      8,
      0.1000000014901161,
      "player_walk1.png",
      "player_walk2.png",
      "player_walk3.png",
      "player_walk4.png",
      "player_walk5.png",
      "player_walk6.png",
      "player_walk7.png",
      "player_walk8.png"
   ],
   "animation_2" : [ 503, 1, 0.1000000014901161, "player_jump1.png" ],
   "animation_3" : [
      601,
      11,
      0.03500000014901161,
      "Missile_Player_Melee01.png",
      "Missile_Player_Melee02.png",
      "Missile_Player_Melee03.png",
      "Missile_Player_Melee04.png",
      "Missile_Player_Melee05.png",
      "Missile_Player_Melee06.png",
      "Missile_Player_Melee07.png",
      "Missile_Player_Melee08.png",
      "Missile_Player_Melee09.png",
      "Missile_Player_Melee10.png",
      "Missile_Player_Melee11.png"
   ],
   "animation_4" : [
      602,
      6,
      0.03999999910593033,
      "MissilePlayerLinear01.png",
      "MissilePlayerLinear02.png",
      "MissilePlayerLinear03.png",
      "MissilePlayerLinear04.png",
      "MissilePlayerLinear05.png",
      "MissilePlayerLinear06.png"
   ],
   "animation_5" : [
      801,
      4,
      0.2000000029802322,
      "MonsterStandShoot01.png",
      "MonsterStandShoot02.png",
      "MonsterStandShoot03.png",
      "MonsterStandShoot04.png"
   ],
   "animation_6" : [
      802,
      5,
      0.2000000029802322,
      "MonsterStandShoot01.png",
      "MonsterStandShoot02.png",
      "MonsterStandShoot03.png",
      "MonsterStandShoot04.png",
      "MonsterStandShoot05.png"
   ],
   "animation_7" : [
      603,
      8,
      0.1199999973177910,
      "MissileAiming1.png",
      "MissileAiming2.png",
      "MissileAiming3.png",
      "MissileAiming4.png",
      "MissileAiming5.png",
      "MissileAiming6.png",
      "MissileAiming7.png",
      "MissileAiming8.png"
   ],
   "animation_8" : [
      803,
      4,
      0.1199999973177910,
      "MonsterRush_IDLE_01.png",
      "MonsterRush_IDLE_02.png",
      "MonsterRush_IDLE_03.png",
      "MonsterRush_IDLE_04.png"
   ],
   "animation_9" : [
      804,
      3,
      0.1199999973177910,
      "MonsterRush_MOVE_01.png",
      "MonsterRush_MOVE_02.png",
      "MonsterRush_MOVE_03.png"
   ],
   "cache_0" : "Graphic/test.plist",
   "cache_1" : "Graphic/noExist.plist",
   "cache_2" : "Graphic/missile.plist",
   "cache_3" : "Graphic/trap.plist",
   "cache_4" : "Graphic/Monster.plist",
   "sprite_0" : [ 1, "block.png" ],
   "sprite_1" : [ 0, "player_stand1.png" ],
   "sprite_10" : [ 5004, "STEAM_MONKEY_03.png" ],
   "sprite_11" : [ 5005, "STEAM_MONKEY_04.png" ],
   "sprite_12" : [ 0, "" ],
   "sprite_13" : [ 5006, "STEAM_MONKEY_05.png" ],
   "sprite_14" : [ 5007, "STEAM_EAGLE_00.png" ],
   "sprite_15" : [ 5008, "STEAM_EAGLE_01.png" ],
   "sprite_16" : [ 5009, "STEAM_EAGLE_02.png" ],
   "sprite_17" : [ 5010, "STEAM_EAGLE_03.png" ],
   "sprite_18" : [ 5011, "STEAM_EAGLE_04.png" ],
   "sprite_19" : [ 5012, "STEAM_EAGLE_05.png" ],
   "sprite_2" : [ 3, "Floor.png" ],
   "sprite_20" : [ 5013, "STEAM_BEAR_00.png" ],
   "sprite_21" : [ 5014, "STEAM_BEAR_01.png" ],
   "sprite_22" : [ 5015, "STEAM_BEAR_02.png" ],
   "sprite_23" : [ 5016, "STEAM_BEAR_03.png" ],
   "sprite_24" : [ 5017, "STEAM_BEAR_04.png" ],
   "sprite_25" : [ 5018, "STEAM_BEAR_05.png" ],
   "sprite_26" : [ 5019, "MASK_HALF.png" ],
   "sprite_27" : [ 5020, "MASK_PART.png" ],
   "sprite_28" : [ 5050, "" ],
   "sprite_29" : [ 5051, "GEAR_FIXED_00.png" ],
   "sprite_3" : [ 3, "" ],
   "sprite_30" : [ 5052, "GEAR_FIXED_01.png" ],
   "sprite_31" : [ 5052, "GEAR_FIXED_01.png" ],
   "sprite_32" : [ 5053, "GEAR_ROTATE_00.png" ],
   "sprite_33" : [ 5054, "GEAR_ROTATE_01.png" ],
   "sprite_34" : [ 5055, "GEAR_ROTATE_02.png" ],
   "sprite_35" : [ 5056, "GEAR_ICON_BEAR_ON.png" ],
   "sprite_36" : [ 5057, "GEAR_ICON_EAGLE_ON.png" ],
   "sprite_37" : [ 5058, "GEAR_ICON_MONKEY_ON.png" ],
   "sprite_38" : [ 5059, "GEAR_ICON_BEAR_OFF.png" ],
   "sprite_39" : [ 5050, "" ],
   "sprite_4" : [ 2, "moving_block.png" ],
   "sprite_40" : [ 10001, "block.png" ],
   "sprite_41" : [ 10002, "floor.png" ],
   "sprite_42" : [ 10003, "portal.png" ],
   "sprite_43" : [ 10004, "moving_block.png" ],
   "sprite_44" : [ 10005, "FloorRandom.png" ],
   "sprite_45" : [ 5101, "MAPWIN_FRAME.png" ],
   "sprite_46" : [ 5102, "WINDOW_TRIGGER.png" ],
   "sprite_47" : [ 5201, "CHARWIN_FRAME.png" ],
   "sprite_48" : [ 5201, "CHARWIN_FRAME.png" ],
   "sprite_49" : [ 5202, "WINDOW_TRIGGER.png" ],
   "sprite_5" : [ 6, "Tile_Trap01.png" ],
   "sprite_50" : [ 5151, "MINIMAP_ROTATE_00.png" ],
   "sprite_51" : [ 5152, "MINIMAP_ROTATE_01.png" ],
   "sprite_52" : [ 5153, "MINIMAP_ROTATE_02.png" ],
   "sprite_53" : [ 5154, "MINIMAP_MASK.png" ],
   "sprite_54" : [ 10007, "MaptoolMob.png" ],
   "sprite_55" : [ 5060, "GEAR_ICON_EAGLE_OFF.png" ],
   "sprite_56" : [ 5061, "GEAR_ICON_MONKEY_OFF.png" ],
   "sprite_57" : [ 5251, "HP_BAR.png" ],
   "sprite_58" : [ 5252, "MASK_HALF.png" ],
   "sprite_59" : [ 5301, "GAMEMENU_BACKGROUND.png" ],
   "sprite_6" : [ 5001, "STEAM_MONKEY_00.png" ],
   "sprite_60" : [ 5302, "GAMEMENU_FRAME.png" ],
   "sprite_61" : [ 5303, "GAMEMENU_BUTTON_DEFAULT.png" ],
   "sprite_62" : [ 5304, "GAMEMENU_BUTTON_SELECT.png" ],
   "sprite_7" : [ 5002, "STEAM_MONKEY_01.png" ],
   "sprite_8" : [ 5002, "STEAM_MONKEY_01.png" ],
   "sprite_9" : [ 5003, "STEAM_MONKEY_02.png" ]
}
