{
   "bitCoin" : 0,
   "item_0_0" : [ 0, 10, false, 100, 0.0, 500.0 ],
   "item_0_1" : [ 0, 10, true, 100, 0.0, 1000.0 ],
   "item_0_10" : [ 0, 0, true, 0, 0.0, 0.0 ],
   "item_0_11" : [ 0, 0, true, 0, 0.0, 0.0 ],
   "item_0_12" : [ 0, 0, true, 0, 0.0, 0.0 ],
   "item_0_2" : [ 0, 0, true, 0, 0.0, 0.0 ],
   "item_0_3" : [ 0, 0, true, 0, 0.0, 0.0 ],
   "item_0_4" : [ 0, 0, true, 0, 0.0, 0.0 ],
   "item_0_5" : [ 0, 0, true, 0, 0.0, 0.0 ],
   "item_0_6" : [ 0, 0, true, 0, 0.0, 0.0 ],
   "item_0_7" : [ 0, 0, true, 0, 0.0, 0.0 ],
   "item_0_8" : [ 0, 0, true, 0, 0.0, 0.0 ],
   "item_0_9" : [ 0, 0, true, 0, 0.0, 0.0 ],
   "item_1_0" : [ 0, 10, false, 100, 100.0, 0.0 ],
   "item_1_1" : [ 0, 10, true, 100, 150.0, 20.0 ],
   "item_1_2" : [ 0, 0, true, 0, 0.0, 0.0 ],
   "item_1_3" : [ 0, 0, true, 0, 0.0, 0.0 ],
   "item_1_4" : [ 0, 0, true, 0, 0.0, 0.0 ],
   "item_1_5" : [ 0, 0, true, 0, 0.0, 0.0 ],
   "item_1_6" : [ 0, 0, true, 0, 0.0, 0.0 ],
   "item_2_0" : [ 0, 10, false, 100, 5.0, 0.0 ],
   "item_2_1" : [ 0, 10, true, 100, 10.0, 0.0 ],
   "item_2_2" : [ 0, 0, true, 0, 0.0, 0.0 ],
   "item_2_3" : [ 0, 0, true, 0, 0.0, 0.0 ],
   "item_2_4" : [ 0, 0, true, 0, 0.0, 0.0 ],
   "item_2_5" : [ 0, 0, true, 0, 0.0, 0.0 ],
   "item_2_6" : [ 0, 0, true, 0, 0.0, 0.0 ],
   "item_3_0" : [ 0, 10, false, 100, 10.0, 1.0 ],
   "item_3_1" : [ 0, 10, true, 100, 15.0, 1.200000047683716 ],
   "item_3_2" : [ 0, 0, true, 0, 0.0, 0.0 ],
   "item_3_3" : [ 0, 0, true, 0, 0.0, 0.0 ],
   "item_3_4" : [ 0, 0, true, 0, 0.0, 0.0 ],
   "item_3_5" : [ 0, 0, true, 0, 0.0, 0.0 ],
   "item_3_6" : [ 0, 0, true, 0, 0.0, 0.0 ],
   "item_4_0" : [ 0, 10, false, 100, 30.0, 0.3000000119209290, 500.0 ],
   "item_4_1" : [ 0, 10, true, 100, 30.0, 0.50, 500.0 ],
   "item_4_2" : [ 0, 0, true, 0, 0.0, 0.0, 0.0 ],
   "item_4_3" : [ 0, 0, true, 0, 0.0, 0.0, 0.0 ],
   "item_4_4" : [ 0, 0, true, 0, 0.0, 0.0, 0.0 ],
   "item_4_5" : [ 0, 0, true, 0, 0.0, 0.0, 0.0 ],
   "item_5_0" : [ 0, 10, false, 100, 100.0, 1.0 ],
   "item_5_1" : [ 0, 10, true, 100, 150.0, 2.0 ],
   "item_5_2" : [ 0, 0, true, 0, 0.0, 0.0 ],
   "item_5_3" : [ 0, 0, true, 0, 0.0, 0.0 ],
   "item_5_4" : [ 0, 0, true, 0, 0.0, 0.0 ],
   "item_5_5" : [ 0, 0, true, 0, 0.0, 0.0 ],
   "item_5_6" : [ 0, 0, true, 0, 0.0, 0.0 ],
   "item_6_0" : [ 0, 10, false, 100, 400.0, 700.0 ],
   "item_6_1" : [ 0, 10, true, 100, 500.0, 800.0 ],
   "item_6_2" : [ 0, 0, true, 0, 0.0, 0.0 ],
   "item_6_3" : [ 0, 0, true, 0, 0.0, 0.0 ],
   "item_6_4" : [ 0, 0, true, 0, 0.0, 0.0 ],
   "item_6_5" : [ 0, 0, true, 0, 0.0, 0.0 ],
   "item_6_6" : [ 0, 0, true, 0, 0.0, 0.0 ],
   "skill_0_0" : true,
   "skill_0_1" : true,
   "skill_0_2" : true,
   "skill_0_3" : true,
   "skill_0_4" : true,
   "skill_0_5" : true,
   "skill_0_6" : true,
   "skill_1_0" : true,
   "skill_1_1" : true,
   "skill_1_2" : true,
   "skill_1_3" : true,
   "skill_1_4" : true,
   "skill_1_5" : true,
   "skill_1_6" : true,
   "skill_2_0" : true,
   "skill_2_1" : true,
   "skill_2_2" : true,
   "skill_2_3" : true,
   "skill_2_4" : true,
   "skill_2_5" : true,
   "skill_3_0" : true,
   "skill_3_1" : true,
   "skill_3_2" : true,
   "skill_3_3" : true
}
